Common_Name,Scientific_Name,Color_of_fur,Lat,Long,State
Baleen whale,Eubalaena australis,Aquamarine,39.9671,-83.0044,Ohio
"Bird, black-throated butcher",Cracticus nigroagularis,Indigo,41.6255,-93.6736,Iowa
Galapagos dove,Zenaida galapagoensis,Violet,31.6948,-106.3,Texas
Black-winged stilt,Himantopus himantopus,Fuscia,31.9714,-81.0716,Georgia
"Moorhen, purple",Porphyrio porphyrio,Red,39.2847,-76.6205,Maryland
Barking gecko,Phylurus milli,Violet,35.2502,-94.3703,Arkansas
Desert tortoise,Gopherus agassizii,Red,42.2719,-83.1545,Michigan
Ring-tailed gecko,Cyrtodactylus louisiadensis,Crimson,37.5593,-77.4471,Virginia
Horned puffin,Fratercula corniculata,Indigo,37.7848,-122.7278,California
Blue duck,Hymenolaimus malacorhynchus,Pink,40.0422,-75.0244,Pennsylvania
"Albatross, galapagos",Diomedea irrorata,Green,39.6269,-119.7081,Nevada
"Sandgrouse, yellow-throated",Pterocles gutturalis,Crimson,33.7866,-118.2987,California
"Stork, white",Ciconia ciconia,Khaki,33.4368,-111.7129,Arizona
"Squirrel, smith's bush",Paraxerus cepapi,Green,27.4544,-82.6358,Florida
"Kingfisher, pied",Ceryle rudis,Yellow,36.8787,-76.2604,Virginia
"Opossum, american virginia",Didelphis virginiana,Orange,26.2288,-80.1635,Florida
Striped hyena,Hyaena hyaena,Indigo,38.9087,-77.0414,District of Columbia
Gambel's quail,Callipepla gambelii,Mauv,36.1693,-115.2828,Nevada
"Creeper, black-tailed tree",Climacteris melanura,Maroon,29.834,-95.4342,Texas
"Dog, black-tailed prairie",Cynomys ludovicianus,Puce,41.1894,-111.9489,Utah
Little grebe,Tachybaptus ruficollis,Orange,42.3319,-71.254,Massachusetts
"Chipmunk, least",Eutamias minimus,Red,45.5806,-122.3748,Oregon
"Nuthatch, red-breasted",Sitta canadensis,Mauv,38.2868,-85.7321,Indiana
Common ringtail,Pseudocheirus peregrinus,Aquamarine,30.2231,-81.7556,Florida
"Kangaroo, brush-tailed rat",Bettongia penicillata,Turquoise,40.2805,-74.712,New Jersey
Savanna baboon,Papio cynocephalus,Green,40.43,-74.4173,New Jersey
Striped hyena,Hyaena hyaena,Indigo,30.3633,-91.0919,Louisiana
"Stork, white-necked",Ciconia episcopus,Red,27.0459,-82.2491,Florida
Blue wildebeest,Connochaetus taurinus,Orange,34.1781,-118.4574,California
"Openbill, asian",Anastomus oscitans,Blue,40.6514,-73.8708,New York
"Legaan, ground",Varanus sp.,Fuscia,40.0365,-75.1451,Pennsylvania
"Hoopoe, eurasian",Upupa epops,Purple,39.2847,-76.6205,Maryland
"Tortoise, galapagos",Geochelone elephantopus,Violet,40.0185,-76.2976,Pennsylvania
European shelduck,Tadorna tadorna,Purple,38.2222,-85.6885,Kentucky
"Starling, greater blue-eared",Lamprotornis chalybaeus,Red,46.6288,-120.574,Washington
"Monkey, black spider",Ateles paniscus,Orange,39.5645,-75.597,Delaware
Striped dolphin,Stenella coeruleoalba,Violet,41.0938,-85.0707,Indiana
Red-shouldered glossy starling,Lamprotornis nitens,Aquamarine,39.9274,-104.9548,Colorado
Potoroo,Potorous tridactylus,Fuscia,30.352,-97.7151,Texas
"Mongoose, yellow",Cynictis penicillata,Yellow,40.7955,-84.1383,Ohio
"Cardinal, red-capped",Paroaria gularis,Yellow,37.9625,-121.2624,California
Eastern boa constrictor,Acrantophis madagascariensis,Violet,40.2204,-74.7622,New Jersey
"Squirrel, richardson's ground",Spermophilus richardsonii,Turquoise,35.3039,-119.1056,California
Reindeer,Rangifer tarandus,Violet,47.1042,-122.87,Washington
"Lion, mountain",Felis concolor,Khaki,32.7673,-96.7776,Texas
Galapagos mockingbird,Nesomimus trifasciatus,Puce,39.0706,-84.4179,Ohio
Yellow baboon,Papio cynocephalus,Violet,31.6948,-106.3,Texas
"Plover, blacksmith",Vanellus armatus,Indigo,38.8933,-77.0146,District of Columbia
"Lynx, african",Felis caracal,Yellow,36.1866,-86.7852,Tennessee
"Cormorant, king",Phalacrocorax albiventer,Puce,32.6796,-97.3336,Texas
Gray rhea,Rhea americana,Fuscia,38.8933,-77.0146,District of Columbia
Blackbuck,Antilope cervicapra,Aquamarine,38.0401,-78.4851,Virginia
"Racer, american",Coluber constrictor,Maroon,43.0982,-89.3242,Wisconsin
Worm snake (unidentified),Carphophis sp.,Red,43.4599,-116.244,Idaho
"Jackrabbit, white-tailed",Lepus townsendii,Crimson,40.6747,-74.2239,New Jersey
Bahama pintail,Anas bahamensis,Puce,41.786,-72.6758,Connecticut
"Bat, madagascar fruit",Pteropus rufus,Green,36.0275,-80.2073,North Carolina
Red hartebeest,Alcelaphus buselaphus caama,Crimson,31.7466,-102.567,Texas
Kaffir cat,Felis silvestris lybica,Violet,32.7673,-96.7776,Texas
"Skimmer, four-spotted",Libellula quadrimaculata,Green,38.8952,-77.0365,District of Columbia
"Bushbaby, large-eared",Galago crassicaudataus,Mauv,37.9971,-87.575,Indiana
"Bat, madagascar fruit",Pteropus rufus,Puce,31.6948,-106.3,Texas
Snake-necked turtle,Chelodina longicollis,Pink,32.0053,-81.0477,Georgia
"Skunk, western spotted",Spilogale gracilis,Indigo,29.5407,-98.5521,Texas
"Stork, jabiru",Ephippiorhynchus mycteria,Goldenrod,38.7351,-77.0796,Virginia
Red phalarope,Phalaropus fulicarius,Khaki,29.4375,-98.4616,Texas
"Flamingo, chilean",Phoenicopterus chilensis,Orange,34.0881,-77.8526,North Carolina
"Crane, black-crowned",Balearica pavonina,Indigo,31.6948,-106.3,Texas
Trumpeter swan,Cygnus buccinator,Maroon,32.2138,-110.824,Arizona
Common raccoon,Procyon lotor,Pink,38.8933,-77.0146,District of Columbia
"Shrike, crimson-breasted",Laniaurius atrococcineus,Pink,38.6406,-121.444,California
"Cormorant, flightless",Nannopterum harrisi,Red,42.9521,-71.6539,New Hampshire
Blue racer,Coluber constrictor foxii,Teal,42.6149,-73.9708,New York
"Goldeneye, common",Bucephala clangula,Violet,45.0159,-93.4719,Minnesota
American alligator,Alligator mississippiensis,Mauv,43.0696,-89.4239,Wisconsin
Elegant crested tinamou,Eudromia elegans,Pink,38.6406,-121.444,California
"Dove, galapagos",Zenaida galapagoensis,Mauv,39.5207,-77.9162,Maryland
"Squirrel, european red",Sciurus vulgaris,Aquamarine,38.8933,-77.0146,District of Columbia
"Rat, arboral spiny",Echimys chrysurus,Blue,41.2917,-96.1711,Nebraska
"Flycatcher, tyrant",Myiarchus tuberculifer,Aquamarine,42.8161,-73.9398,New York
Carpet snake,Morelia spilotes variegata,Blue,37.9651,-84.4708,Kentucky
"Hornbill, southern ground",Bucorvus leadbeateri,Maroon,33.9367,-83.9573,Georgia
"Skua, long-tailed",Stercorarius longicausus,Indigo,39.0763,-77.1234,Maryland
Amazon parrot (unidentified),Amazona sp.,Pink,36.2383,-95.9931,Oklahoma
Roe deer,Capreolus capreolus,Indigo,32.3544,-86.2843,Alabama
Lily trotter,Actophilornis africanus,Maroon,41.8119,-87.6873,Illinois
"Lion, south american sea",Otaria flavescens,Blue,36.3551,-119.301,California
Common nighthawk,Chordeiles minor,Maroon,38.5495,-90.3811,Missouri
Sugar glider,Petaurus breviceps,Red,33.386,-82.091,Georgia
Tawny frogmouth,Podargus strigoides,Goldenrod,40.3286,-75.1028,Pennsylvania
"Skua, long-tailed",Stercorarius longicausus,Maroon,38.8933,-77.0146,District of Columbia
"Oryx, beisa",Oryx gazella,Maroon,38.025,-121.2972,California
North American porcupine,Erethizon dorsatum,Purple,29.7971,-95.4958,Texas
Great horned owl,Bubo virginianus,Turquoise,40.6681,-111.9083,Utah
"Heron, grey",Ardea cinerea,Orange,31.9714,-81.0716,Georgia
"Loris, slender",Loris tardigratus,Fuscia,38.3774,-121.4444,California
"Grouse, greater sage",Centrocercus urophasianus,Turquoise,31.6948,-106.3,Texas
Red-headed woodpecker,Melanerpes erythrocephalus,Indigo,38.8952,-77.0365,District of Columbia
Fat-tailed dunnart,Smithopsis crassicaudata,Yellow,38.2968,-81.5547,West Virginia
Blue catfish,Ictalurus furcatus,Teal,40.0028,-83.0164,Ohio
"Antelope, sable",Hippotragus niger,Violet,35.5514,-97.4075,Oklahoma
"Wolf, common",Canis lupus,Puce,36.8787,-76.2604,Virginia
American bighorn sheep,Ovis canadensis,Red,36.1378,-115.3261,Nevada
Australian sea lion,Neophoca cinerea,Pink,38.8318,-77.2888,Virginia
Kongoni,Alcelaphus buselaphus cokii,Purple,35.5514,-97.4075,Oklahoma
"Zorro, azara's",Pseudalopex gymnocercus,Violet,35.8596,-86.421,Tennessee
"Marmot, hoary",Marmota caligata,Aquamarine,42.5125,-83.0643,Michigan
Bird (unidentified),unavailable,Orange,40.43,-74.4173,New Jersey
Steller sea lion,Eumetopias jubatus,Khaki,47.6115,-122.1162,Washington
"Cockatoo, slender-billed",Cacatua tenuirostris,Yellow,43.0685,-87.9715,Wisconsin
Gecko (unidentified),unavailable,Teal,45.0159,-93.4719,Minnesota
Fork-tailed drongo,Dicrurus adsimilis,Indigo,37.2742,-79.9579,Virginia
Native cat,Dasyurus viverrinus,Orange,30.486,-91.1481,Louisiana
Baleen whale,Eubalaena australis,Turquoise,30.3704,-81.5864,Florida
Azara's zorro,Pseudalopex gymnocercus,Pink,30.2907,-97.7648,Texas
Savannah deer (unidentified),unavailable,Turquoise,40.0422,-75.0244,Pennsylvania
"Cockatoo, slender-billed",Cacatua tenuirostris,Maroon,36.2383,-95.9931,Oklahoma
"Wambenger, red-tailed",Phascogale calura,Khaki,33.61,-101.8213,Texas
"Phalarope, red-necked",Phalaropus lobatus,Blue,37.6802,-121.9215,California
Blackbuck,Antilope cervicapra,Green,38.6128,-90.2185,Missouri
Blue peacock,Pavo cristatus,Goldenrod,39.1271,-95.6384,Kansas
"Quoll, eastern",Dasyurus viverrinus,Khaki,40.1454,-82.9817,Ohio
"Goose, egyptian",Alopochen aegyptiacus,Khaki,35.1104,-106.5781,New Mexico
Kafue flats lechwe,Kobus leche robertsi,Aquamarine,42.6149,-73.9708,New York
Bobcat,Felis rufus,Teal,38.8933,-77.0146,District of Columbia
African elephant,Loxodonta africana,Purple,44.968,-93.1981,Minnesota
"Gull, dusky",Larus fuliginosus,Green,38.5495,-90.3811,Missouri
"Francolin, swainson's",Francolinus swainsonii,Orange,41.3089,-73.3637,Connecticut
Common eland,Taurotagus oryx,Indigo,45.7246,-111.1238,Montana
Tiger cat,Dasyurus maculatus,Yellow,35.6203,-82.5286,North Carolina
"Bat, asian false vampire",Megaderma spasma,Purple,33.4368,-111.7129,Arizona
Snowy egret,Egretta thula,Orange,35.2017,-89.9715,Tennessee
"Bear, black",Ursus americanus,Yellow,40.4322,-80.1021,Pennsylvania
"Puma, south american",Felis concolor,Indigo,39.0763,-77.1234,Maryland
African black crake,Limnocorax flavirostra,Puce,38.8933,-77.0146,District of Columbia
"Albatross, waved",Diomedea irrorata,Orange,26.6459,-80.4303,Florida
White rhinoceros,Ceratotherium simum,Maroon,30.4124,-87.2035,Florida
"Phalarope, red-necked",Phalaropus lobatus,Turquoise,47.1441,-122.4434,Washington
Little heron,Butorides striatus,Aquamarine,34.8882,-81.969,South Carolina
Asian foreset tortoise,Manouria emys,Fuscia,38.3774,-121.4444,California
"Eagle, crowned",Spizaetus coronatus,Fuscia,27.0228,-82.1108,Florida
Pale-throated three-toed sloth,Bradypus tridactylus,Mauv,29.834,-95.4342,Texas
"Wambenger, red-tailed",Phascogale calura,Red,39.035,-94.3567,Missouri
"Reedbuck, bohor",Redunca redunca,Turquoise,21.2811,-157.8266,Hawaii
"Cormorant, little",Phalacrocorax niger,Turquoise,43.0696,-89.4239,Wisconsin
Indian tree pie,Dendrocitta vagabunda,Blue,37.7441,-122.4863,California
Tammar wallaby,Macropus eugenii,Teal,40.0018,-75.1179,Pennsylvania
Little grebe,Tachybaptus ruficollis,Crimson,40.7955,-84.1383,Ohio
"Eagle, golden",Aquila chrysaetos,Pink,36.0986,-86.8219,Tennessee
"Marmot, hoary",Marmota caligata,Aquamarine,35.22,-80.7881,North Carolina
Glossy ibis,Plegadis falcinellus,Green,35.0512,-106.7269,New Mexico
"Stork, black-necked",Ephippiorhynchus mycteria,Crimson,40.7808,-73.9772,New York
"Hare, arctic",Lepus arcticus,Yellow,32.7673,-96.7776,Texas
Black and white colobus,Colobus guerza,Pink,58.3271,-134.4742,Alaska
Bateleur eagle,Terathopius ecaudatus,Teal,27.4544,-82.6358,Florida
Pine snake (unidentified),Pituophis melanaleucus,Maroon,33.5446,-86.9292,Alabama
Red-billed buffalo weaver,Bubalornis niger,Yellow,32.7673,-96.7776,Texas
"Egret, snowy",Egretta thula,Turquoise,33.9187,-117.8892,California
American badger,Taxidea taxus,Orange,46.6288,-120.574,Washington
Chuckwalla,Sauromalus obesus,Purple,33.6968,-111.8892,Arizona
"Mockingbird, galapagos",Nesomimus trifasciatus,Crimson,32.7423,-117.0947,California
"Parakeet, rose-ringed",Psittacula krameri,Purple,34.6725,-92.3529,Arkansas
Paddy heron (unidentified),unavailable,Crimson,39.7002,-105.0028,Colorado
"Barbet, black-collared",Lybius torquatus,Mauv,42.1827,-80.0649,Pennsylvania
Gerbil (unidentified),Gerbillus sp.,Red,36.1398,-96.0297,Oklahoma
"Vulture, white-headed",Aegypius occipitalis,Orange,40.9252,-74.1781,New Jersey
Magistrate black colobus,Colobus guerza,Purple,32.7831,-79.937,South Carolina
American beaver,Castor canadensis,Crimson,33.2765,-112.1872,Arizona
Feathertail glider,Acrobates pygmaeus,Puce,29.4375,-98.4616,Texas
Koala,Phascolarctos cinereus,Teal,42.3253,-71.1122,Massachusetts
Ant (unidentified),unavailable,Turquoise,25.7341,-80.4068,Florida
"Shark, blue",Prionace glauca,Orange,37.31,-121.9011,California
Greater blue-eared starling,Lamprotornis chalybaeus,Purple,41.7665,-72.6933,Connecticut
"Cormorant, pied",Phalacrocorax varius,Teal,40.7086,-74.0087,New York
Red-necked wallaby,Macropus rufogriseus,Orange,40.7372,-111.8581,Utah
Gambel's quail,Callipepla gambelii,Fuscia,38.8981,-77.0401,District of Columbia
White-bellied sea eagle,Haliaetus leucogaster,Teal,40.8662,-73.9221,New York
"Deer, black-tailed",Odocoileus hemionus,Teal,47.6339,-122.3476,Washington
Brown lemur,Lemur fulvus,Goldenrod,30.033,-89.8826,Louisiana
Bottle-nose dolphin,Tursiops truncatus,Purple,38.8289,-104.5269,Colorado
Madagascar fruit bat,Pteropus rufus,Yellow,38.9982,-77.0338,Maryland
"Mynah, indian",Acridotheres tristis,Red,33.8444,-84.474,Georgia
Indian porcupine,Hystrix indica,Crimson,37.3329,-121.8916,California
"Squirrel, pine",Tamiasciurus hudsonicus,Maroon,45.0159,-93.4719,Minnesota
Black-eyed bulbul,Pycnonotus barbatus,Purple,33.9583,-118.3258,California
"Wallaby, agile",Macropus agilis,Goldenrod,40.081,-82.9383,Ohio
"Hyena, brown",Hyaena brunnea,Maroon,38.6171,-90.4504,Missouri
African ground squirrel (unidentified),Xerus sp.,Khaki,30.2107,-97.9427,Texas
"Plover, blacksmith",Vanellus armatus,Violet,30.033,-89.8826,Louisiana
Laughing dove,Streptopelia senegalensis,Orange,35.5514,-97.4075,Oklahoma
"Skua, great",Catharacta skua,Indigo,42.3615,-71.0604,Massachusetts
Sarus crane,Grus antigone,Mauv,36.0275,-80.2073,North Carolina
Pygmy possum,Acrobates pygmaeus,Khaki,38.8318,-77.2888,Virginia
"Moorhen, purple",Porphyrio porphyrio,Goldenrod,37.5498,-77.4588,Virginia
"Zebra, common",Equus burchelli,Blue,39.8647,-86.0136,Indiana
"Caiman, spectacled",Caiman crocodilus,Pink,38.8933,-77.0146,District of Columbia
Eagle owl (unidentified),Bubo sp.,Mauv,29.4375,-98.4616,Texas
"Stork, marabou",Leptoptilos crumeniferus,Goldenrod,42.1827,-80.0649,Pennsylvania
Crown of thorns starfish,Acanthaster planci,Maroon,33.9631,-118.3941,California
North American river otter,Lutra canadensis,Turquoise,39.0663,-94.5674,Missouri
Golden eagle,Aquila chrysaetos,Orange,47.4323,-121.8034,Washington
"Flycatcher, tyrant",Myiarchus tuberculifer,Orange,30.5422,-84.1413,Florida
Spectacled caiman,Caiman crocodilus,Fuscia,30.1244,-93.1835,Louisiana
Black-footed ferret,Mustela nigripes,Goldenrod,28.5456,-81.3782,Florida
Yellow-billed hornbill,Tockus flavirostris,Violet,32.373,-86.3081,Alabama
Klipspringer,Oreotragus oreotragus,Aquamarine,38.0283,-84.4715,Kentucky
"Cat, african wild",Felis silvestris lybica,Puce,38.1286,-104.5523,Colorado
White-nosed coatimundi,Nasua narica,Yellow,27.872,-82.4388,Florida
"Squirrel, golden-mantled ground",Spermophilus lateralis,Mauv,42.6149,-73.9708,New York
Gelada baboon,Theropithecus gelada,Crimson,36.7464,-119.6397,California
Civet (unidentified),unavailable,Mauv,32.7673,-96.7776,Texas
"Flicker, campo",Colaptes campestroides,Fuscia,36.0986,-86.8219,Tennessee
Wattled crane,Bugeranus caruncalatus,Indigo,38.2968,-81.5547,West Virginia
Desert spiny lizard,Sceloporus magister,Crimson,29.4375,-98.4616,Texas
"Crane, wattled",Bugeranus caruncalatus,Blue,37.7211,-122.4754,California
Rainbow lory,Trichoglossus haematodus moluccanus,Khaki,40.6869,-73.8501,New York
African wild dog,Lycaon pictus,Purple,33.8106,-118.3507,California
"Pelican, great white",Pelecans onocratalus,Pink,43.4599,-116.244,Idaho
Canadian river otter,Lutra canadensis,Orange,32.7673,-96.7776,Texas
Striped dolphin,Stenella coeruleoalba,Mauv,42.3189,-85.5152,Michigan
Eastern grey kangaroo,Macropus giganteus,Purple,35.2454,-101.999,Texas
"Stork, saddle-billed",Ephipplorhynchus senegalensis,Purple,30.3449,-81.6831,Florida
"Gecko, ring-tailed",Cyrtodactylus louisiadensis,Maroon,39.2847,-76.6205,Maryland
"Pie, indian tree",Dendrocitta vagabunda,Goldenrod,38.8933,-77.0146,District of Columbia
"Flamingo, roseat",Phoenicopterus ruber,Goldenrod,32.2334,-86.2085,Alabama
Snowy egret,Egretta thula,Violet,36.9312,-76.2397,Virginia
"Dove, laughing",Streptopelia senegalensis,Crimson,36.1693,-115.2828,Nevada
"Openbill, asian",Anastomus oscitans,Crimson,25.8594,-80.2725,Florida
Common palm civet,Paradoxurus hermaphroditus,Violet,40.0495,-83.0669,Ohio
Black-crowned night heron,Nycticorax nycticorax,Mauv,37.5158,-77.5047,Virginia
"Possum, western pygmy",Cercatetus concinnus,Teal,29.2243,-94.9637,Texas
"Plover, three-banded",Charadrius tricollaris,Orange,45.5486,-123.1147,Oregon
Snowy egret,Egretta thula,Red,37.7641,-122.1633,California
Galapagos penguin,Spheniscus mendiculus,Turquoise,39.7495,-89.606,Illinois
Common duiker,Sylvicapra grimma,Teal,36.8586,-76.2686,Virginia
"Porcupine, crested",Hystrix cristata,Crimson,41.9705,-70.7014,Massachusetts
"Fox, blue",Alopex lagopus,Purple,41.8804,-87.7223,Illinois
Blue peacock,Pavo cristatus,Green,37.2742,-79.9579,Virginia
Silver-backed fox,Vulpes chama,Puce,38.8999,-94.832,Kansas
African jacana,Actophilornis africanus,Teal,42.7371,-84.5244,Michigan
"Duck, comb",Sarkidornis melanotos,Puce,41.2722,-75.8801,Pennsylvania
"Reedbuck, bohor",Redunca redunca,Mauv,30.351,-81.5061,Florida
"Deer, black-tailed",Odocoileus hemionus,Purple,35.5514,-97.4075,Oklahoma
Eastern grey kangaroo,Macropus giganteus,Turquoise,36.7949,-119.7604,California
"Lion, asian",Panthera leo persica,Maroon,29.834,-95.4342,Texas
"Owl, australian masked",Tyto novaehollandiae,Fuscia,35.0981,-89.9825,Tennessee
"Gull, pacific",Gabianus pacificus,Blue,47.4441,-122.3249,Washington
Common mynah,Acridotheres tristis,Red,33.0169,-116.846,California
Cape cobra,Naja nivea,Khaki,37.3811,-122.3348,California
Hanuman langur,Semnopithecus entellus,Maroon,40.7548,-73.6018,New York
"Oystercatcher, blackish",Haematopus ater,Indigo,40.9166,-74.174,New Jersey
"Plover, three-banded",Charadrius tricollaris,Violet,25.8594,-80.2725,Florida
"Phalarope, grey",Phalaropus fulicarius,Maroon,29.834,-95.4342,Texas
Jabiru stork,Ephippiorhynchus mycteria,Aquamarine,39.0429,-95.7697,Kansas
Brown antechinus,Antechinus flavipes,Indigo,29.5189,-98.6006,Texas
Steller's sea lion,Eumetopias jubatus,Maroon,38.8336,-76.8777,Maryland
European spoonbill,Platalea leucordia,Aquamarine,27.872,-82.4388,Florida
African bush squirrel,Paraxerus cepapi,Aquamarine,40.7808,-73.9772,New York
"Badger, honey",Mellivora capensis,Khaki,33.2765,-112.1872,Arizona
"Rhinoceros, square-lipped",Ceratotherium simum,Indigo,40.2805,-74.712,New Jersey
Warthog,Phacochoerus aethiopus,Aquamarine,38.6531,-90.2435,Missouri
Water moccasin,Agkistrodon piscivorus,Teal,26.9668,-81.9545,Florida
Worm snake (unidentified),Carphophis sp.,Maroon,35.7977,-78.6253,North Carolina
"Sungazer, yellow-brown",Cordylus giganteus,Violet,31.9701,-111.8907,Arizona
Brush-tailed rat kangaroo,Bettongia penicillata,Puce,39.361,-76.5891,Maryland
"Echidna, short-beaked",Tachyglossus aculeatus,Fuscia,33.8635,-118.1801,California
Cape clawless otter,Aonyx capensis,Indigo,33.9464,-83.9912,Georgia
Southern tamandua,Tamandua tetradactyla,Goldenrod,27.2427,-82.4751,Florida
"Seal, common",Phoca vitulina,Purple,33.7866,-118.2987,California
"Pheasant, common",Phasianus colchicus,Orange,36.0807,-80.0244,North Carolina
"Mynah, indian",Acridotheres tristis,Puce,30.1876,-97.7472,Texas
"Rhea, greater",Rhea americana,Indigo,41.0888,-73.5435,Connecticut
Carpet snake,Morelia spilotes variegata,Crimson,32.8488,-79.8577,South Carolina
"Capuchin, black-capped",Cebus apella,Aquamarine,41.5968,-86.293,Indiana
Crown of thorns starfish,Acanthaster planci,Indigo,37.4009,-79.1785,Virginia
Scarlet macaw,Ara macao,Mauv,40.2805,-74.712,New Jersey
White-tailed jackrabbit,Lepus townsendii,Turquoise,36.2383,-95.9931,Oklahoma
"Phalarope, northern",Phalaropus lobatus,Maroon,38.189,-85.6768,Kentucky
Gray langur,Semnopithecus entellus,Indigo,47.4323,-121.8034,Washington
"Porcupine, tree",Coendou prehensilis,Blue,41.7918,-72.7188,Connecticut
"Racer, american",Coluber constrictor,Yellow,47.9335,-97.3944,North Dakota
Northern phalarope,Phalaropus lobatus,Maroon,32.0053,-81.0477,Georgia
"Dolphin, common",Delphinus delphis,Goldenrod,39.9788,-75.1262,Pennsylvania
Madagascar fruit bat,Pteropus rufus,Turquoise,37.6802,-121.9215,California
"Chickadee, black-capped",Parus atricapillus,Violet,41.9399,-87.6528,Illinois
"Cockatoo, slender-billed",Cacatua tenuirostris,Mauv,28.5559,-81.3535,Florida
"Gull, swallow-tail",Creagrus furcatus,Purple,41.2949,-96.0546,Nebraska
Helmeted guinea fowl,Numida meleagris,Mauv,39.1668,-84.5382,Ohio
"Jackal, indian",Canis aureus,Pink,30.2166,-97.8508,Texas
"Woodpecker, downy",Picoides pubescens,Teal,40.4344,-80.0248,Pennsylvania
Marabou stork,Leptoptilos crumeniferus,Maroon,40.6914,-73.8061,New York
"Puma, south american",Felis concolor,Crimson,32.2334,-86.2085,Alabama
Honey badger,Mellivora capensis,Mauv,38.1286,-104.5523,Colorado
Numbat,Myrmecobius fasciatus,Yellow,33.1968,-117.2831,California
Australian sea lion,Neophoca cinerea,Aquamarine,27.872,-82.4388,Florida
Sugar glider,Petaurus breviceps,Teal,37.31,-121.9011,California
"Baboon, savanna",Papio cynocephalus,Indigo,36.0807,-80.0244,North Carolina
Brown and yellow marshbird,Pseudoleistes virescens,Purple,32.7673,-96.7776,Texas
"Snake, buttermilk",Coluber constrictor,Aquamarine,41.8119,-87.6873,Illinois
"Lion, southern sea",Otaria flavescens,Blue,31.6948,-106.3,Texas
Little blue penguin,Eudyptula minor,Red,33.3616,-111.2795,Arizona
Canadian river otter,Lutra canadensis,Indigo,28.5559,-81.3535,Florida
"Alligator, american",Alligator mississippiensis,Maroon,25.8655,-80.1936,Florida
"Opossum, american virginia",Didelphis virginiana,Fuscia,43.1577,-77.608,New York
Southern boubou,Laniarius ferrugineus,Red,35.2017,-89.9715,Tennessee
"Viper, egyptian",Naja haje,Red,43.0354,-76.1282,New York
Black-crowned crane,Balearica pavonina,Fuscia,44.5463,-88.1021,Wisconsin
Miner's cat,Bassariscus astutus,Goldenrod,38.4096,-82.369,West Virginia
"Sloth, hoffman's",Choloepus hoffmani,Indigo,40.0343,-75.1213,Pennsylvania
Reindeer,Rangifer tarandus,Pink,40.2805,-74.712,New Jersey
African wild dog,Lycaon pictus,Crimson,29.9686,-90.0646,Louisiana
Lesser mouse lemur,Microcebus murinus,Khaki,33.2781,-111.7096,Arizona
"Heron, black-crowned night",Nycticorax nycticorax,Goldenrod,27.8918,-82.7248,Florida
Common zebra,Equus burchelli,Turquoise,39.7617,-84.1498,Ohio
"Stork, yellow-billed",Mycteria ibis,Yellow,30.0505,-95.4695,Texas
Ocelot,Felis pardalis,Turquoise,64.8544,-147.8469,Alaska
"Bee-eater, carmine",Merops nubicus,Violet,30.6589,-88.178,Alabama
Serval,Felis serval,Fuscia,26.1654,-80.2959,Florida
"Francolin, coqui",Francolinus coqui,Crimson,38.4134,-82.2774,West Virginia
"Alligator, mississippi",Alligator mississippiensis,Yellow,40.7548,-73.6018,New York
"Porcupine, north american",Erethizon dorsatum,Teal,38.9621,-94.5959,Missouri
Dromedary camel,Camelus dromedarius,Turquoise,40.7808,-73.9772,New York
"Crow, pied",Corvus albus,Aquamarine,32.8538,-117.1197,California
Savanna fox,Dusicyon thous,Aquamarine,39.0763,-77.1234,Maryland
Trumpeter swan,Cygnus buccinator,Violet,33.786,-84.3514,Georgia
Bare-faced go away bird,Lorythaixoides concolor,Goldenrod,40.0878,-105.3735,Colorado
"Hare, arctic",Lepus arcticus,Mauv,42.7198,-73.8207,New York
"Stork, saddle-billed",Ephipplorhynchus senegalensis,Teal,36.9312,-76.2397,Virginia
"Heron, giant",Ardea golieth,Purple,26.3462,-80.0844,Florida
Ornate rock dragon,Ctenophorus ornatus,Turquoise,32.3766,-95.1252,Texas
Prairie falcon,Falco mexicanus,Violet,35.1104,-106.5781,New Mexico
"Colobus, magistrate black",Colobus guerza,Blue,42.4464,-71.4594,Massachusetts
"Crane, stanley",Anthropoides paradisea,Goldenrod,37.9651,-84.4708,Kentucky
White-throated robin,Irania gutteralis,Crimson,35.1885,-101.8165,Texas
"Seal, common",Phoca vitulina,Maroon,38.1286,-104.5523,Colorado
"Waxbill, blue",Uraeginthus angolensis,Green,33.7529,-116.0556,California
King cormorant,Phalacrocorax albiventer,Green,43.286,-77.6843,New York
"Fox, arctic",Alopex lagopus,Violet,40.6451,-73.945,New York
Yellow-billed stork,Mycteria ibis,Green,32.3544,-86.2843,Alabama
Swallow (unidentified),unavailable,Crimson,42.3809,-83.0409,Michigan
"Hornbill, yellow-billed",Tockus flavirostris,Aquamarine,32.3401,-93.6092,Louisiana
Arctic tern,Sterna paradisaea,Orange,41.3089,-73.3637,Connecticut
Black-capped chickadee,Parus atricapillus,Indigo,37.5593,-77.4471,Virginia
Kelp gull,Larus dominicanus,Green,39.009,-77.4422,Virginia
Genoveva,Junonia genoveua,Fuscia,32.3386,-90.1708,Mississippi
"Antechinus, brown",Antechinus flavipes,Khaki,41.8119,-87.6873,Illinois
"Ferret, black-footed",Mustela nigripes,Puce,33.0169,-116.846,California
"Kudu, greater",Tragelaphus strepsiceros,Turquoise,41.4335,-81.6323,Ohio
Black-throated cardinal,Paroaria gularis,Red,30.7813,-95.5953,Texas
"Zebra, common",Equus burchelli,Indigo,35.0763,-101.8349,Texas
"Rat, arboral spiny",Echimys chrysurus,Crimson,36.086,-115.1471,Nevada
Manatee,Trichechus inunguis,Fuscia,39.144,-77.2076,Maryland
Kaffir cat,Felis silvestris lybica,Mauv,33.61,-101.8213,Texas
Long-tailed jaeger,Stercorarius longicausus,Indigo,33.1428,-97.0727,Texas
Feathertail glider,Acrobates pygmaeus,Blue,47.7377,-122.3431,Washington
Roseate cockatoo,Eolophus roseicapillus,Green,40.1454,-82.9817,Ohio
"Squirrel, nelson ground",Ammospermophilus nelsoni,Red,27.3896,-80.2615,Florida
"Deer, red",Cervus elaphus,Puce,25.9441,-80.2144,Florida
Malabar squirrel,Ratufa indica,Pink,35.4242,-97.6547,Oklahoma
European stork,Ciconia ciconia,Goldenrod,47.1591,-122.5485,Washington
"Plover, blacksmith",Vanellus armatus,Purple,36.7978,-76.1759,Virginia
Common long-nosed armadillo,Dasypus novemcinctus,Pink,38.7378,-104.6459,Colorado
Curve-billed thrasher,Toxostoma curvirostre,Turquoise,41.7845,-71.3959,Rhode Island
"Insect, stick",Leprocaulinus vipera,Turquoise,29.5189,-98.6006,Texas
Greater kudu,Tragelaphus strepsiceros,Khaki,27.709,-80.5726,Florida
Yellow-headed caracara,Milvago chimachima,Teal,32.7831,-79.937,South Carolina
"Monitor, white-throated",Varanus albigularis,Pink,44.806,-93.1409,Minnesota
Pale-throated three-toed sloth,Bradypus tridactylus,Yellow,37.2187,-121.8601,California
Malabar squirrel,Ratufa indica,Fuscia,38.9033,-92.1022,Missouri
"Otter, african clawless",Aonyx capensis,Maroon,39.1092,-84.6108,Ohio
"Squirrel, nelson ground",Ammospermophilus nelsoni,Goldenrod,32.373,-86.3081,Alabama
"Cat, toddy",Paradoxurus hermaphroditus,Puce,34.7784,-86.6091,Alabama
"Whale, baleen",Eubalaena australis,Khaki,27.872,-82.4388,Florida
"Crab, sally lightfoot",Graspus graspus,Red,40.2204,-74.7622,New Jersey
"Lion, mountain",Felis concolor,Yellow,37.5593,-77.4471,Virginia
White-throated kingfisher,Halcyon smyrnesis,Green,35.4794,-97.5017,Oklahoma
Hummingbird (unidentified),unavailable,Green,26.6104,-80.1683,Florida
"Partridge, coqui",Francolinus coqui,Blue,38.8336,-76.8777,Maryland
Pronghorn,Antilocapra americana,Fuscia,41.7918,-72.7188,Connecticut
"Wombat, southern hairy-nosed",Lasiorhinus latifrons,Crimson,27.709,-80.5726,Florida
American bighorn sheep,Ovis canadensis,Orange,37.2742,-79.9579,Virginia
Komodo dragon,Varanus komodensis,Mauv,40.5412,-119.5869,Nevada
Klipspringer,Oreotragus oreotragus,Mauv,36.0512,-78.8577,North Carolina
Serval,Felis serval,Turquoise,32.7635,-117.2028,California
Red-cheeked cordon bleu,Uraeginthus bengalus,Puce,31.6948,-106.3,Texas
Prehensile-tailed porcupine,Coendou prehensilis,Turquoise,32.69,-96.9177,Texas
Asian red fox,Vulpes vulpes,Maroon,44.9054,-93.2361,Minnesota
"Stork, white",Ciconia ciconia,Turquoise,38.3774,-121.4444,California
Mandras tree shrew,Anathana ellioti,Violet,36.8686,-76.3552,Virginia
"Cockatoo, long-billed",Cacatua tenuirostris,Purple,33.1968,-117.2831,California
Bush dog,Speothos vanaticus,Fuscia,33.7866,-118.2987,California
"Buffalo, wild water",Bubalus arnee,Orange,29.7543,-95.3609,Texas
"Roller, lilac-breasted",Coracias caudata,Blue,38.8933,-77.0146,District of Columbia
"Egret, snowy",Egretta thula,Turquoise,39.778,-89.6466,Illinois
"Flamingo, greater",Phoenicopterus ruber,Blue,33.7661,-117.9738,California
Pine snake (unidentified),Pituophis melanaleucus,Goldenrod,41.0114,-74.3048,New Jersey
Arctic tern,Sterna paradisaea,Fuscia,36.1866,-86.7852,Tennessee
"Squirrel, red",Tamiasciurus hudsonicus,Yellow,37.2742,-79.9579,Virginia
Swainson's francolin,Francolinus swainsonii,Khaki,39.0312,-94.6308,Kansas
Black kite,Milvus migrans,Yellow,41.3914,-75.6657,Pennsylvania
"Bustard, denham's",Neotis denhami,Turquoise,36.2158,-115.0671,Nevada
Sociable weaver,Philetairus socius,Khaki,47.7377,-122.3431,Washington
"Glider, squirrel",Petaurus norfolcensis,Red,33.7866,-118.2987,California
Black rhinoceros,Diceros bicornis,Orange,33.7866,-118.2987,California
"Vulture, black",Aegypius tracheliotus,Violet,40.7918,-73.9448,New York
"Penguin, galapagos",Spheniscus mendiculus,Turquoise,33.1903,-97.1282,Texas
"Peccary, white-lipped",Tayassu pecari,Orange,41.7918,-72.7188,Connecticut
"Genet, common",Genetta genetta,Pink,28.0081,-82.5805,Florida
"Stork, european",Ciconia ciconia,Teal,39.5207,-77.9162,Maryland
Tropical buckeye butterfly,Junonia genoveua,Goldenrod,27.7898,-82.7243,Florida
Kinkajou,Potos flavus,Puce,39.0429,-95.7697,Kansas
Tailless tenrec,Tenrec ecaudatus,Blue,31.9701,-111.8907,Arizona
"Civet, common palm",Paradoxurus hermaphroditus,Turquoise,32.7714,-97.2915,Texas
Brown capuchin,Cebus apella,Khaki,43.4599,-116.244,Idaho
Little grebe,Tachybaptus ruficollis,Violet,41.0938,-85.0707,Indiana
Rhesus monkey,Macaca mulatta,Crimson,38.3365,-77.4366,Virginia
Sacred ibis,Threskionis aethiopicus,Blue,39.969,-83.0114,Ohio
Japanese macaque,Macaca fuscata,Purple,33.7866,-118.2987,California
"Parrot, hawk-headed",Deroptyus accipitrinus,Crimson,29.6518,-95.4854,Texas
"Crane, brolga",Grus rubicundus,Turquoise,43.6746,-96.7913,South Dakota
"Squirrel, european red",Sciurus vulgaris,Khaki,33.7749,-84.3046,Georgia
"Stork, white",Ciconia ciconia,Yellow,41.7638,-72.673,Connecticut
"Dolphin, bottle-nose",Tursiops truncatus,Aquamarine,39.8188,-75.5064,Delaware
"Cat, long-tailed spotted",Felis wiedi or Leopardus weidi,Pink,26.045,-81.6669,Florida
Bald eagle,Haliaeetus leucocephalus,Puce,28.06,-82.4079,Florida
Koala,Phascolarctos cinereus,Green,34.1069,-117.2975,California
"Barbet, black-collared",Lybius torquatus,Red,38.8971,-77.0554,District of Columbia
Black swan,Cygnus atratus,Pink,45.0059,-93.1059,Minnesota
"Elephant, asian",Elephas maximus bengalensis,Indigo,32.9189,-96.7751,Texas
Coyote,Canis latrans,Aquamarine,37.3924,-121.9623,California
"Squirrel, uinta ground",Spermophilus armatus,Blue,21.351,-157.8795,Hawaii
Red-breasted cockatoo,Eolophus roseicapillus,Indigo,29.6223,-95.26,Texas
"Kangaroo, jungle",Macropus agilis,Pink,32.9522,-96.6654,Texas
"Kangaroo, jungle",Macropus agilis,Green,43.0631,-89.3133,Wisconsin
Honey badger,Mellivora capensis,Teal,40.2805,-74.712,New Jersey
"Weaver, chestnut",Ploceus rubiginosus,Orange,43.524,-96.7341,South Dakota
Defassa waterbuck,Kobus defassa,Aquamarine,42.3389,-70.9196,Massachusetts
House crow,Corvus brachyrhynchos,Violet,38.8999,-94.832,Kansas
"Fox, blue",Alopex lagopus,Crimson,32.432,-99.7724,Texas
"Mongoose, yellow",Cynictis penicillata,Indigo,26.6644,-80.1741,Florida
European shelduck,Tadorna tadorna,Red,38.189,-85.6768,Kentucky
"Seal, southern elephant",Mirounga leonina,Green,41.8097,-87.6533,Illinois
Australian sea lion,Neophoca cinerea,Orange,25.5584,-80.4582,Florida
Canada goose,Branta canadensis,Fuscia,38.189,-85.6768,Kentucky
"Fox, blue",Alopex lagopus,Orange,40.6763,-73.7966,New York
Eastern indigo snake,Drymarchon corias couperi,Indigo,37.2742,-79.9579,Virginia
Bobcat,Felis rufus,Violet,47.6564,-122.3048,Washington
Musk ox,Ovibos moschatus,Violet,33.4724,-112.1832,Arizona
Collared lizard,Crotaphytus collaris,Yellow,38.8606,-94.4636,Missouri
European shelduck,Tadorna tadorna,Fuscia,26.6644,-80.1741,Florida
Eastern cottontail rabbit,Sylvilagus floridanus,Turquoise,61.204,-149.8084,Alaska
Southern boubou,Laniarius ferrugineus,Mauv,47.6964,-117.4399,Washington
Coyote,Canis latrans,Goldenrod,61.1089,-149.4403,Alaska
Blue waxbill,Uraeginthus angolensis,Violet,25.8655,-80.1936,Florida
Bee-eater (unidentified),Merops sp.,Goldenrod,33.9982,-84.3411,Georgia
"Iguana, land",Conolophus subcristatus,Aquamarine,41.6767,-83.5573,Ohio
"Stork, woolly-necked",Ciconia episcopus,Turquoise,41.3089,-73.3637,Connecticut
"Cat, civet",Bassariscus astutus,Aquamarine,28.3067,-80.6862,Florida
Collared peccary,Tayassu tajacu,Crimson,30.033,-89.8826,Louisiana
"Seal, southern elephant",Mirounga leonina,Teal,33.2765,-112.1872,Arizona
"Cat, cape wild",Felis libyca,Yellow,42.4981,-83.2058,Michigan
Columbian rainbow boa,Epicrates cenchria maurus,Purple,39.1668,-84.5382,Ohio
Pale white-eye,Zosterops pallidus,Orange,41.6727,-93.5722,Iowa
North American porcupine,Erethizon dorsatum,Pink,38.8933,-77.0146,District of Columbia
Snowy egret,Egretta thula,Yellow,40.9252,-74.1781,New Jersey
"Hartebeest, red",Alcelaphus buselaphus caama,Red,27.9865,-82.0139,Florida
Swainson's francolin,Francolinus swainsonii,Violet,42.7684,-78.8871,New York
"Kangaroo, black-faced",Macropus fuliginosus,Pink,46.8147,-92.1998,Minnesota
Racer snake,Coluber constrictor,Khaki,38.8933,-77.0146,District of Columbia
"Starling, red-shouldered glossy",Lamprotornis nitens,Yellow,38.3365,-77.4366,Virginia
Violet-eared waxbill,Uraeginthus granatina,Crimson,32.7714,-97.2915,Texas
Bare-faced go away bird,Lorythaixoides concolor,Mauv,39.085,-94.6356,Kansas
Sarus crane,Grus antigone,Mauv,32.9189,-96.7751,Texas
Nine-banded armadillo,Dasypus novemcinctus,Violet,38.6149,-90.1275,Illinois
"Boar, wild",Sus scrofa,Green,39.7439,-104.9876,Colorado
"Kite, black",Milvus migrans,Yellow,38.9776,-77.386,Virginia
"Egret, cattle",Bubulcus ibis,Yellow,37.1803,-93.2951,Missouri
Mouflon,Ovis musimon,Crimson,37.4011,-77.4615,Virginia
"Peacock, blue",Pavo cristatus,Red,33.0277,-96.6777,Texas
"Beaver, american",Castor canadensis,Goldenrod,33.2765,-112.1872,Arizona
"Cat, native",Dasyurus viverrinus,Orange,40.0938,-85.6578,Indiana
Mexican boa,Boa constrictor mexicana,Maroon,31.6631,-106.1401,Texas
Stone sheep,Ovis dalli stonei,Purple,38.9381,-77.086,District of Columbia
"Snake, eastern indigo",Drymarchon corias couperi,Indigo,27.872,-82.4388,Florida
Tayra,Eira barbata,Crimson,43.6783,-70.1987,Maine
Rufous-collared sparrow,Zonotrichia capensis,Purple,38.8933,-77.0146,District of Columbia
"Nuthatch, red-breasted",Sitta canadensis,Red,41.0938,-85.0707,Indiana
Tarantula,Lasiodora parahybana,Blue,39.5437,-104.9691,Colorado
"Squirrel, malabar",Ratufa indica,Khaki,37.1376,-84.1156,Kentucky
Cape wild cat,Felis libyca,Goldenrod,28.5803,-81.4396,Florida
"Colobus, white-mantled",Colobus guerza,Turquoise,31.6948,-106.3,Texas
Killer whale,Orcinus orca,Goldenrod,30.6521,-96.341,Texas
"Gull, kelp",Larus dominicanus,Violet,45.5289,-94.5933,Minnesota
"Otter, north american river",Lutra canadensis,Mauv,38.5495,-90.3811,Missouri
Sportive lemur,Lepilemur rufescens,Red,44.9608,-93.1216,Minnesota
Amazon parrot (unidentified),Amazona sp.,Pink,40.8247,-96.6252,Nebraska
"Tortoise, desert",Gopherus agassizii,Orange,40.2805,-74.712,New Jersey
Spotted deer,Axis axis,Orange,32.491,-84.8741,Georgia
Red-breasted cockatoo,Eolophus roseicapillus,Orange,38.4631,-122.99,California
American beaver,Castor canadensis,Violet,42.3615,-71.0604,Massachusetts
"Cow, scottish highland",Bos taurus,Indigo,43.1558,-77.6142,New York
"Bulbul, african red-eyed",Pycnonotus nigricans,Teal,43.3869,-84.0926,Michigan
"Waterbuck, defassa",Kobus defassa,Puce,38.8933,-77.0146,District of Columbia
Silver-backed jackal,Canis mesomelas,Yellow,40.7442,-89.7184,Illinois
Tayra,Eira barbata,Khaki,40.0903,-75.041,Pennsylvania
Hawk-headed parrot,Deroptyus accipitrinus,Blue,40.2618,-76.88,Pennsylvania
Crab-eating fox,Dusicyon thous,Green,27.0459,-82.2491,Florida
"Anteater, australian spiny",Tachyglossus aculeatus,Red,38.6531,-90.2435,Missouri
Painted stork,Mycteria leucocephala,Maroon,30.033,-89.8826,Louisiana
"Darter, african",Anhinga rufa,Goldenrod,25.5584,-80.4582,Florida
Brown capuchin,Cebus apella,Green,37.8571,-122.25,California
"Hawk-eagle, crowned",Spizaetus coronatus,Violet,40.7536,-73.8226,New York
South American sea lion,Otaria flavescens,Puce,31.6948,-106.3,Texas
Long-nosed bandicoot,Perameles nasuta,Indigo,38.8933,-77.0146,District of Columbia
"Kangaroo, red",Macropus rufus,Violet,47.6536,-117.4317,Washington
"Cow, scottish highland",Bos taurus,Aquamarine,30.3795,-91.1671,Louisiana
Urial,Ovis orientalis,Fuscia,47.1591,-122.5485,Washington
Red-capped cardinal,Paroaria gularis,Red,47.8599,-122.2848,Washington
"Cockatoo, red-tailed",Calyptorhynchus magnificus,Khaki,34.1378,-118.2424,California
Radiated tortoise,Geochelone radiata,Pink,32.7714,-97.2915,Texas
"Heron, gray",Ardea cinerea,Green,36.1499,-95.7923,Oklahoma
Pronghorn,Antilocapra americana,Red,28.5456,-81.3782,Florida
"Lemur, lesser mouse",Microcebus murinus,Yellow,41.3914,-75.6657,Pennsylvania
"Gecko, ring-tailed",Cyrtodactylus louisiadensis,Maroon,46.5901,-112.0402,Montana
Australian brush turkey,Alectura lathami,Puce,37.1803,-93.2951,Missouri
Darwin ground finch (unidentified),Geospiza sp.,Violet,43.1791,-86.1989,Michigan
"Fox, silver-backed",Vulpes chama,Puce,41.028,-81.4632,Ohio
"Goat, mountain",Oreamnos americanus,Goldenrod,47.7161,-122.3004,Washington
"Viper, egyptian",Naja haje,Yellow,44.9364,-123.0381,Oregon
Dabchick,Tachybaptus ruficollis,Teal,32.3475,-95.3065,Texas
"Badger, eurasian",Meles meles,Khaki,47.7161,-122.3004,Washington
"Lizard, giant girdled",Cordylus giganteus,Blue,35.22,-80.7881,North Carolina
"Owl, burrowing",Speotyte cuniculata,Turquoise,39.0706,-84.4179,Ohio
Grant's gazelle,Gazella granti,Fuscia,34.8001,-82.3932,South Carolina
"Cat, ringtail",Bassariscus astutus,Orange,33.7866,-118.2987,California
Four-horned antelope,Tetracerus quadricornis,Khaki,33.0169,-116.846,California
Grey fox,Vulpes cinereoargenteus,Fuscia,37.1894,-121.7053,California
Black-winged stilt,Himantopus himantopus,Violet,41.6727,-93.5722,Iowa
Leadbeateri's ground hornbill,Bucorvus leadbeateri,Blue,33.8123,-84.2819,Georgia
Mouflon,Ovis musimon,Teal,29.4237,-98.4925,Texas
"Waxbill, violet-eared",Uraeginthus granatina,Blue,37.7441,-122.4863,California
"Squirrel, thirteen-lined",Spermophilus tridecemlineatus,Orange,33.7488,-84.3883,Georgia
Three-banded plover,Charadrius tricollaris,Goldenrod,47.6536,-117.4317,Washington
"Raven, white-necked",Corvus albicollis,Indigo,36.8686,-76.3552,Virginia
Ring-tailed possum,Pseudocheirus peregrinus,Blue,30.392,-91.0892,Louisiana
Coqui partridge,Francolinus coqui,Maroon,45.2009,-93.8881,Minnesota
"Gull, swallow-tail",Creagrus furcatus,Puce,40.6407,-73.9028,New York
"Macaw, green-winged",Ara chloroptera,Yellow,41.9229,-87.6483,Illinois
Giraffe,Giraffe camelopardalis,Purple,38.897,-77.0251,District of Columbia
"Butterfly, tropical buckeye",Junonia genoveua,Goldenrod,38.8933,-77.0146,District of Columbia
"Lizard, mexican beaded",Heloderma horridum,Fuscia,38.0283,-84.4715,Kentucky
"Squirrel, uinta ground",Spermophilus armatus,Maroon,39.7505,-84.2686,Ohio
"Fowl, helmeted guinea",Numida meleagris,Blue,35.056,-78.9047,North Carolina
Numbat,Myrmecobius fasciatus,Maroon,38.3774,-121.4444,California
Chameleon (unidentified),Chamaelo sp.,Fuscia,33.1903,-97.1282,Texas
"Goose, greylag",Anser anser,Green,30.0956,-81.6217,Florida
"Monkey, rhesus",Macaca mulatta,Pink,32.6437,-117.1384,California
Amazon parrot (unidentified),Amazona sp.,Indigo,41.3826,-81.7964,Ohio
"Goose, cereopsis",Cereopsis novaehollandiae,Violet,32.6889,-97.1905,Texas
"Peccary, white-lipped",Tayassu pecari,Aquamarine,30.392,-91.0892,Louisiana
Osprey,Pandon haliaetus,Fuscia,27.709,-80.5726,Florida
"Snake, carpet",Morelia spilotes variegata,Maroon,37.9971,-87.575,Indiana
Tokay gecko,Gekko gecko,Maroon,36.1378,-115.3261,Nevada
"Stork, yellow-billed",Mycteria ibis,Khaki,34.0447,-118.4487,California
"Rhea, greater",Rhea americana,Red,37.0318,-76.3199,Virginia
"Sheathbill, snowy",Chionis alba,Goldenrod,40.7808,-73.9772,New York
"Tapir, brazilian",Tapirus terrestris,Maroon,40.2418,-74.6962,New Jersey
Common seal,Phoca vitulina,Teal,43.0349,-83.6887,Michigan
Common dolphin,Delphinus delphis,Purple,37.5593,-77.4471,Virginia
Pale white-eye,Zosterops pallidus,Blue,40.6924,-73.9666,New York
"Colobus, black and white",Colobus guerza,Yellow,39.1668,-84.5382,Ohio
"Nutcracker, clark's",Nucifraga columbiana,Indigo,30.4478,-84.3211,Florida
Mourning collared dove,Streptopelia decipiens,Crimson,30.352,-97.7151,Texas
Great egret,Casmerodius albus,Violet,34.0434,-118.2716,California
Red-tailed hawk,Buteo jamaicensis,Teal,36.2235,-115.2655,Nevada
"Antelope, roan",Hippotragus equinus,Mauv,42.6149,-73.9708,New York
Thomson's gazelle,Gazella thompsonii,Fuscia,41.0247,-73.7781,New York
Knob-nosed goose,Sarkidornis melanotos,Yellow,35.2944,-118.9052,California
"Turkey, common",Meleagris gallopavo,Mauv,40.7845,-96.6888,Nebraska
Crab (unidentified),unavailable,Khaki,42.7161,-87.8233,Wisconsin
Striped skunk,Mephitis mephitis,Goldenrod,33.7866,-118.2987,California
Two-toed sloth,Choloepus hoffmani,Fuscia,42.7198,-73.8207,New York
Madagascar fruit bat,Pteropus rufus,Fuscia,33.4368,-111.7129,Arizona
Barrows goldeneye,Bucephala clangula,Puce,43.0696,-89.4239,Wisconsin
"Squirrel, golden-mantled ground",Spermophilus lateralis,Purple,39.7467,-104.8384,Colorado
Mandras tree shrew,Anathana ellioti,Puce,33.0169,-116.846,California
"Seal, harbor",Phoca vitulina,Goldenrod,32.826,-96.7843,Texas
"Oystercatcher, blackish",Haematopus ater,Maroon,37.9651,-84.4708,Kentucky
"Hedgehog, south african",Erinaceus frontalis,Fuscia,38.1286,-104.5523,Colorado
"Heron, grey",Ardea cinerea,Green,40.4344,-80.0248,Pennsylvania
"Python, carpet",Morelia spilotes variegata,Yellow,40.6934,-75.4712,Pennsylvania
"Cat, african wild",Felis silvestris lybica,Blue,40.6451,-73.945,New York
"Starfish, crown of thorns",Acanthaster planci,Indigo,32.3834,-86.2434,Alabama
"Fox, blue",Alopex lagopus,Violet,33.7529,-116.0556,California
"Heron, green",Butorides striatus,Teal,47.1441,-122.4434,Washington
"Deer, black-tailed",Odocoileus hemionus,Crimson,37.4011,-77.4615,Virginia
Royal tern,Thalasseus maximus,Goldenrod,32.3113,-90.3972,Mississippi
"Viper, egyptian",Naja haje,Blue,29.6779,-90.0901,Louisiana
Pied avocet,Recurvirostra avosetta,Maroon,37.2568,-121.8896,California
Snowy sheathbill,Chionis alba,Red,33.5446,-86.9292,Alabama
Hawk-headed parrot,Deroptyus accipitrinus,Teal,38.8558,-104.7134,Colorado
Argalis,Ovis ammon,Aquamarine,33.4724,-112.1832,Arizona
"Boubou, southern",Laniarius ferrugineus,Puce,41.6525,-83.5085,Ohio
"Wallaby, bennett's",Macropus rufogriseus,Turquoise,34.1231,-79.6893,South Carolina
"Tortoise, galapagos",Geochelone elephantopus,Pink,42.4011,-96.372,Iowa
Slender-billed cockatoo,Cacatua tenuirostris,Teal,28.5456,-81.3782,Florida
"Gull, pacific",Gabianus pacificus,Maroon,35.0656,-80.8511,North Carolina
Ringtail cat,Bassariscus astutus,Indigo,35.421,-97.5616,Oklahoma
Egyptian goose,Alopochen aegyptiacus,Maroon,40.5051,-80.1155,Pennsylvania
Australian sea lion,Neophoca cinerea,Fuscia,40.7918,-73.9448,New York
"Squirrel, palm",Funambulus pennati,Orange,33.9754,-118.417,California
"Goose, snow",Anser caerulescens,Crimson,37.5593,-77.4471,Virginia
Kinkajou,Potos flavus,Red,40.7808,-73.9772,New York
"Bat, asian false vampire",Megaderma spasma,Aquamarine,35.5212,-105.9818,New Mexico
Lesser flamingo,Phoeniconaias minor,Yellow,35.4015,-101.8951,Texas
White-browed sparrow weaver,Plocepasser mahali,Fuscia,33.811,-117.8493,California
Gray heron,Ardea cinerea,Aquamarine,37.7848,-122.7278,California
"Tern, white-winged black",Chlidonias leucopterus,Indigo,34.8019,-92.1894,Arkansas
"Duck, blue",Hymenolaimus malacorhynchus,Orange,26.6459,-80.4303,Florida
"Woodcock, american",Scolopax minor,Violet,30.3189,-81.6854,Florida
"Langur, hanuman",Semnopithecus entellus,Purple,39.0312,-94.6308,Kansas
Pied crow,Corvus albus,Blue,36.8282,-76.0237,Virginia
"Cockatoo, red-tailed",Calyptorhynchus magnificus,Goldenrod,43.0059,-71.0132,New Hampshire
Red howler monkey,Alouatta seniculus,Violet,38.8933,-77.0146,District of Columbia
"Whale, southern right",Eubalaena australis,Aquamarine,40.8085,-73.9198,New York
"Tortoise, burmese brown mountain",Manouria emys,Indigo,46.8147,-92.1998,Minnesota
"Stork, white",Ciconia ciconia,Goldenrod,26.4116,-80.0928,Florida
African skink,Mabuya spilogaster,Green,33.1617,-87.5144,Alabama
Asian false vampire bat,Megaderma spasma,Purple,32.4908,-92.1594,Louisiana
Blue catfish,Ictalurus furcatus,Indigo,38.8933,-77.0146,District of Columbia
Common pheasant,Phasianus colchicus,Goldenrod,39.2847,-76.6205,Maryland
"Crane, black-crowned",Balearica pavonina,Goldenrod,39.1678,-119.7764,Nevada
Ring-tailed lemur,Lemur catta,Crimson,41.7638,-72.673,Connecticut
Emu,Dromaeus novaehollandiae,Blue,41.8397,-88.0887,Illinois
Waved albatross,Diomedea irrorata,Red,39.9671,-83.0044,Ohio
"Hornbill, leadbeateri's ground",Bucorvus leadbeateri,Red,45.5078,-122.6897,Oregon
Currasow (unidentified),Crax sp.,Yellow,26.6104,-80.1683,Florida
"Weaver, lesser masked",Ploceus intermedius,Goldenrod,39.9379,-75.1794,Pennsylvania
Musk ox,Ovibos moschatus,Yellow,47.4323,-121.8034,Washington
Indian giant squirrel,Ratufa indica,Khaki,47.1042,-122.87,Washington
"Possum, common brushtail",Trichosurus vulpecula,Goldenrod,38.6185,-90.2564,Missouri
Feathertail glider,Acrobates pygmaeus,Green,38.0283,-84.4715,Kentucky
Greater kudu,Tragelaphus strepsiceros,Khaki,41.119,-73.733,New York
"Starling, greater blue-eared",Lamprotornis chalybaeus,Crimson,39.7783,-104.7556,Colorado
"Moorhen, purple",Porphyrio porphyrio,Pink,33.6299,-112.1316,Arizona
Pied crow,Corvus albus,Purple,39.9523,-83.078,Ohio
Urial,Ovis orientalis,Goldenrod,26.1457,-80.4483,Florida
White-faced tree rat,Echimys chrysurus,Pink,37.3729,-121.856,California
"Cormorant, neotropic",Phalacrocorax brasilianus,Green,36.8056,-76.2666,Virginia
Galapagos dove,Zenaida galapagoensis,Maroon,29.4375,-98.4616,Texas
Burmese brown mountain tortoise,Manouria emys,Blue,38.8318,-77.2888,Virginia
Bush dog,Speothos vanaticus,Teal,43.6746,-96.7913,South Dakota
Woodrat (unidentified),Neotoma sp.,Crimson,42.3189,-85.5152,Michigan
Small-toothed palm civet,Arctogalidia trivirgata,Blue,37.625,-77.4959,Virginia
"Ass, asiatic wild",Equus hemionus,Goldenrod,38.9067,-77.0312,District of Columbia
"Meerkat, red",Cynictis penicillata,Khaki,45.9497,-108.599,Montana
Snake-necked turtle,Chelodina longicollis,Crimson,39.7699,-119.6027,Nevada
"Gull, pacific",Gabianus pacificus,Indigo,61.1535,-149.8289,Alaska
Red-tailed cockatoo,Calyptorhynchus magnificus,Yellow,34.2216,-84.1537,Georgia
Springbuck,Antidorcas marsupialis,Maroon,33.5508,-88.4865,Mississippi
White-throated robin,Irania gutteralis,Maroon,38.3774,-121.4444,California
"Eagle, pallas's fish",Haliaeetus leucoryphus,Khaki,35.0443,-106.6729,New Mexico
"Duck, mountain",Hymenolaimus malacorhynchus,Goldenrod,33.2765,-112.1872,Arizona
Brown antechinus,Antechinus flavipes,Teal,36.0467,-95.8841,Oklahoma
"Goose, cereopsis",Cereopsis novaehollandiae,Blue,34.84,-115.9671,California
Platypus,Ornithorhynchus anatinus,Aquamarine,39.734,-105.0259,Colorado
Ostrich,Struthio camelus,Teal,41.8784,-87.633,Illinois
"Otter, small-clawed",Aonyx cinerea,Turquoise,41.3089,-73.3637,Connecticut
"Skimmer, four-spotted",Libellula quadrimaculata,Maroon,38.4134,-82.2774,West Virginia
Brindled gnu,Connochaetus taurinus,Violet,33.8444,-84.474,Georgia
"Dove, galapagos",Zenaida galapagoensis,Mauv,43.174,-77.5637,New York
Long-crested hawk eagle,Lophoaetus occipitalis,Goldenrod,47.116,-114.0498,Montana
Klipspringer,Oreotragus oreotragus,Turquoise,33.3616,-111.2795,Arizona
Australian pelican,Pelecanus conspicillatus,Purple,38.189,-85.6768,Kentucky
"Penguin, little blue",Eudyptula minor,Teal,40.7808,-73.9772,New York
"Stork, white",Ciconia ciconia,Aquamarine,36.0218,-78.9478,North Carolina
"Thrasher, curve-billed",Toxostoma curvirostre,Yellow,26.1443,-80.2069,Florida
"Salmon, sockeye",Oncorhynchus nerka,Violet,33.7629,-84.4226,Georgia
Sandhill crane,Grus canadensis,Yellow,33.9352,-85.9576,Alabama
Manatee,Trichechus inunguis,Purple,39.7388,-104.4083,Colorado
Long-tailed skua,Stercorarius longicausus,Goldenrod,38.3774,-121.4444,California
Black-necked stork,Ephippiorhynchus mycteria,Orange,26.0143,-81.5856,Florida
American badger,Taxidea taxus,Orange,33.5446,-86.9292,Alabama
Red-legged pademelon,Thylogale stigmatica,Maroon,29.834,-95.4342,Texas
"Rattlesnake, eastern diamondback",Crotalus adamanteus,Aquamarine,40.3522,-78.9383,Pennsylvania
"Owl, madagascar hawk",Ninox superciliaris,Yellow,32.7673,-96.7776,Texas
Mountain duck,Hymenolaimus malacorhynchus,Green,38.9033,-92.1022,Missouri
Nyala,Tragelaphus angasi,Yellow,29.834,-95.4342,Texas
Rose-ringed parakeet,Psittacula krameri,Turquoise,28.0081,-82.5805,Florida
"Brocket, brown",Mazama gouazoubira,Teal,41.6492,-83.6706,Ohio
"Crane, wattled",Bugeranus caruncalatus,Goldenrod,41.9166,-88.1208,Illinois
North American river otter,Lutra canadensis,Violet,47.6849,-122.2968,Washington
Bushbuck,Tragelaphus scriptus,Pink,38.949,-94.7405,Kansas
Horned puffin,Fratercula corniculata,Indigo,31.4647,-100.39,Texas
Columbian rainbow boa,Epicrates cenchria maurus,Purple,44.9608,-93.1216,Minnesota
"Turtle, snake-necked",Chelodina longicollis,Aquamarine,31.6948,-106.3,Texas
Green heron,Butorides striatus,Crimson,30.033,-89.8826,Louisiana
"Owl, madagascar hawk",Ninox superciliaris,Maroon,41.5444,-93.6192,Iowa
"Cat, long-tailed spotted",Felis wiedi or Leopardus weidi,Yellow,32.8756,-96.7495,Texas
Marine iguana,Amblyrhynchus cristatus,Violet,40.6775,-89.6263,Illinois
Trumpeter swan,Cygnus buccinator,Maroon,40.2944,-76.8938,Pennsylvania
Ringtail cat,Bassariscus astutus,Turquoise,38.0401,-78.4851,Virginia
"Teal, hottentot",Anas punctata,Green,42.3389,-70.9196,Massachusetts
Jaguar,Panthera onca,Orange,38.3774,-121.4444,California
"Seal, northern elephant",Mirounga angustirostris,Blue,36.0512,-78.8577,North Carolina
"Possum, common brushtail",Trichosurus vulpecula,Teal,34.7269,-92.344,Arkansas
European badger,Meles meles,Violet,41.7845,-71.3959,Rhode Island
"Skunk, western spotted",Spilogale gracilis,Yellow,38.8999,-94.832,Kansas
Blue duck,Hymenolaimus malacorhynchus,Khaki,41.0704,-80.6931,Ohio
"Sungazer, yellow-brown",Cordylus giganteus,Aquamarine,33.2765,-112.1872,Arizona
"Bustard, stanley",Neotis denhami,Orange,33.5225,-86.8094,Alabama
Bald eagle,Haliaeetus leucocephalus,Goldenrod,38.9035,-77.0276,District of Columbia
"Crow, pied",Corvus albus,Fuscia,35.6124,-88.8412,Tennessee
Red meerkat,Cynictis penicillata,Puce,32.373,-86.3081,Alabama
"Lizard, collared",Crotaphytus collaris,Goldenrod,32.7673,-96.7776,Texas
Pied cormorant,Phalacrocorax varius,Violet,43.0349,-83.6887,Michigan
Golden brush-tailed possum,Trichosurus vulpecula,Indigo,39.7388,-104.4083,Colorado
Musk ox,Ovibos moschatus,Maroon,39.7467,-104.8384,Colorado
Hanuman langur,Semnopithecus entellus,Green,39.7388,-104.4083,Colorado
"Heron, green",Butorides striatus,Crimson,39.7002,-105.0028,Colorado
Large cormorant,Phalacrocorax carbo,Indigo,39.0429,-95.7697,Kansas
Thomson's gazelle,Gazella thompsonii,Violet,27.4272,-82.4387,Florida
"Mongoose, small indian",Herpestes javanicus,Pink,41.8397,-88.0887,Illinois
Hoary marmot,Marmota caligata,Crimson,30.3449,-81.6831,Florida
Arctic fox,Alopex lagopus,Teal,36.175,-95.8477,Oklahoma
"Fox, arctic",Alopex lagopus,Red,34.8001,-82.3932,South Carolina
"Possum, western pygmy",Cercatetus concinnus,Blue,36.7978,-76.1759,Virginia
"Stork, yellow-billed",Mycteria ibis,Pink,35.0768,-85.3082,Tennessee
Bottle-nose dolphin,Tursiops truncatus,Maroon,33.3022,-112.1226,Arizona
Frog (unidentified),Rana sp.,Maroon,38.6406,-121.444,California
Butterfly (unidentified),unavailable,Orange,31.3902,-97.7993,Texas
Mallard,Anas platyrhynchos,Red,38.0702,-84.591,Kentucky
"Sheathbill, snowy",Chionis alba,Teal,34.0881,-77.8526,North Carolina
Swallow-tail gull,Creagrus furcatus,Aquamarine,38.3774,-121.4444,California
White-lipped peccary,Tayassu pecari,Violet,40.7442,-89.7184,Illinois
"Heron, green-backed",Butorides striatus,Yellow,27.3896,-80.2615,Florida
"Lion, south american sea",Otaria flavescens,Orange,42.6149,-73.9708,New York
"Vulture, king",Sarcorhamphus papa,Turquoise,28.5559,-81.3535,Florida
"Macaw, scarlet",Ara macao,Fuscia,38.7196,-90.27,Missouri
"Tortoise, asian foreset",Manouria emys,Orange,33.9631,-118.3941,California
Roseat flamingo,Phoenicopterus ruber,Violet,39.9597,-75.2024,Pennsylvania
Springbuck,Antidorcas marsupialis,Indigo,35.5514,-97.4075,Oklahoma
"Baboon, savanna",Papio cynocephalus,Orange,35.26,-80.8042,North Carolina
"Siskin, pine",Carduelis pinus,Blue,34.8337,-92.3289,Arkansas
European wild cat,Felis silvestris lybica,Mauv,41.6538,-83.6589,Ohio
Water moccasin,Agkistrodon piscivorus,Crimson,39.7002,-105.0028,Colorado
"Duck, blue",Hymenolaimus malacorhynchus,Khaki,39.111,-84.6594,Ohio
Nilgai,Boselaphus tragocamelus,Puce,39.009,-77.4422,Virginia
"Hawk-eagle, crowned",Spizaetus coronatus,Mauv,36.9312,-76.2397,Virginia
Golden brush-tailed possum,Trichosurus vulpecula,Turquoise,42.6395,-112.3138,Idaho
"Gull, pacific",Gabianus pacificus,Goldenrod,39.2025,-119.7526,Nevada
"Stork, european",Ciconia ciconia,Khaki,41.3657,-72.9275,Connecticut
"Dunnart, fat-tailed",Smithopsis crassicaudata,Turquoise,25.7341,-80.4068,Florida
Helmeted guinea fowl,Numida meleagris,Indigo,47.6536,-117.4317,Washington
"Crab, red lava",Graspus graspus,Purple,26.1457,-80.4483,Florida
"Capuchin, white-fronted",Cebus albifrons,Blue,29.7041,-95.401,Texas
"Flicker, field",Colaptes campestroides,Yellow,33.5082,-112.1011,Arizona
Koala,Phascolarctos cinereus,Mauv,39.7495,-89.606,Illinois
"Skua, great",Catharacta skua,Orange,31.6948,-106.3,Texas
Mountain goat,Oreamnos americanus,Teal,38.892,-77.0452,District of Columbia
Kafue flats lechwe,Kobus leche robertsi,Red,25.7341,-80.4068,Florida
Chilean flamingo,Phoenicopterus chilensis,Violet,37.8571,-122.25,California
White stork,Ciconia ciconia,Blue,31.9386,-106.4073,Texas
"Stork, openbill",Anastomus oscitans,Blue,42.3611,-71.0682,Massachusetts
"Booby, masked",Sula dactylatra,Mauv,40.7548,-73.6018,New York
"Cockatoo, sulfur-crested",Cacatua galerita,Maroon,38.1286,-104.5523,Colorado
Golden eagle,Aquila chrysaetos,Purple,38.8336,-76.8777,Maryland
"Whale, killer",Orcinus orca,Blue,38.2968,-81.5547,West Virginia
"Gull, pacific",Gabianus pacificus,Yellow,40.8265,-73.9383,New York
Golden-mantled ground squirrel,Spermophilus lateralis,Indigo,38.8933,-77.0146,District of Columbia
Red-legged pademelon,Thylogale stigmatica,Fuscia,42.4011,-96.372,Iowa
Greater kudu,Tragelaphus strepsiceros,Crimson,41.8119,-87.6873,Illinois
"Tortoise, burmese brown mountain",Manouria emys,Fuscia,38.8874,-77.0047,District of Columbia
Black-capped capuchin,Cebus apella,Indigo,38.6149,-90.1275,Illinois
"Squirrel, thirteen-lined",Spermophilus tridecemlineatus,Maroon,40.7808,-73.9772,New York
Common palm civet,Paradoxurus hermaphroditus,Violet,33.7529,-116.0556,California
Steller sea lion,Eumetopias jubatus,Green,45.0159,-93.4719,Minnesota
"Bison, american",Bison bison,Purple,38.3774,-121.4444,California
"Fox, bat-eared",Otocyon megalotis,Puce,39.0351,-94.5467,Missouri
"Beaver, north american",Castor canadensis,Purple,42.3648,-71.8969,Massachusetts
"Dolphin, bottle-nose",Tursiops truncatus,Fuscia,30.3264,-97.7713,Texas
"Weaver, lesser masked",Ploceus intermedius,Crimson,45.2009,-93.8881,Minnesota
Goanna lizard,Varanus sp.,Pink,39.6472,-105.0795,Colorado
"Lizard, blue-tongued",Tiliqua scincoides,Yellow,40.4344,-80.0248,Pennsylvania
"Flicker, campo",Colaptes campestroides,Turquoise,34.7269,-92.344,Arkansas
Pied cormorant,Phalacrocorax varius,Maroon,45.6231,-122.5767,Washington
Southern brown bandicoot,Isoodon obesulus,Maroon,32.6796,-97.3336,Texas
"Tortoise, burmese black mountain",Manouria emys,Goldenrod,39.0706,-84.4179,Ohio
"Polecat, african",Ictonyx striatus,Purple,29.6813,-82.3539,Florida
Snowy egret,Egretta thula,Turquoise,26.6492,-81.6167,Florida
"Bandicoot, southern brown",Isoodon obesulus,Fuscia,41.3089,-73.3637,Connecticut
Southern black-backed gull,Larus dominicanus,Goldenrod,26.1457,-80.4483,Florida
"Shrew, mandras tree",Anathana ellioti,Maroon,33.9982,-84.3411,Georgia
Dama wallaby,Macropus eugenii,Yellow,41.6727,-93.5722,Iowa
"Duiker, gray",Sylvicapra grimma,Goldenrod,38.6157,-121.5053,California
"Deer, barasingha",Cervus duvauceli,Turquoise,42.3389,-70.9196,Massachusetts
"Brocket, brown",Mazama gouazoubira,Blue,35.6004,-82.4918,North Carolina
Common grenadier,Uraeginthus granatina,Blue,47.1042,-122.87,Washington
Southern tamandua,Tamandua tetradactyla,Khaki,41.8267,-71.3977,Rhode Island
"Cormorant, great",Phalacrocorax carbo,Teal,28.5559,-81.3535,Florida
Blue duck,Hymenolaimus malacorhynchus,Aquamarine,25.9597,-80.1403,Florida
"Cardinal, black-throated",Paroaria gularis,Yellow,40.7808,-73.9772,New York
Western grey kangaroo,Macropus fuliginosus,Fuscia,46.8165,-100.7805,North Dakota
"Nutcracker, clark's",Nucifraga columbiana,Turquoise,32.8919,-117.2035,California
Black spider monkey,Ateles paniscus,Violet,38.4631,-122.99,California
"Pie, indian tree",Dendrocitta vagabunda,Violet,40.6914,-73.8061,New York
"Crab, sally lightfoot",Graspus graspus,Khaki,40.702,-74.089,New Jersey
"Deer, roe",Capreolus capreolus,Fuscia,39.7439,-104.9876,Colorado
"Booby, blue-faced",Sula dactylatra,Orange,38.8933,-77.0146,District of Columbia
Roseat flamingo,Phoenicopterus ruber,Green,38.8933,-77.0146,District of Columbia
Pine siskin,Carduelis pinus,Goldenrod,45.6231,-122.5767,Washington
"Crake, african black",Limnocorax flavirostra,Teal,35.3425,-97.6317,Oklahoma
Python (unidentified),unavailable,Orange,39.7038,-86.3029,Indiana
Red-shouldered glossy starling,Lamprotornis nitens,Aquamarine,40.43,-74.4173,New Jersey
Richardson's ground squirrel,Spermophilus richardsonii,Yellow,27.2866,-82.477,Florida
"Drongo, fork-tailed",Dicrurus adsimilis,Green,42.6568,-73.7605,New York
Carmine bee-eater,Merops nubicus,Maroon,33.8444,-84.474,Georgia
"Vulture, oriental white-backed",Gyps bengalensis,Purple,38.8318,-77.2888,Virginia
"Gecko, ring-tailed",Cyrtodactylus louisiadensis,Indigo,32.3475,-95.3065,Texas
Green vine snake,Oxybelis fulgidus,Maroon,39.1668,-84.5382,Ohio
Ring-tailed coatimundi,Nasua nasua,Red,35.2017,-89.9715,Tennessee
Praying mantis (unidentified),unavailable,Mauv,37.5242,-77.4932,Virginia
"Waterbuck, defassa",Kobus defassa,Maroon,35.9901,-83.9622,Tennessee
Black-capped capuchin,Cebus apella,Orange,38.8318,-77.2888,Virginia
"Goose, andean",Chloephaga melanoptera,Pink,29.4375,-98.4616,Texas
Short-nosed bandicoot,Isoodon obesulus,Fuscia,39.7388,-104.4083,Colorado
Palm squirrel,Funambulus pennati,Yellow,61.1535,-149.8289,Alaska
Galapagos sea lion,Zalophus californicus,Turquoise,29.4375,-98.4616,Texas
"Skimmer, four-spotted",Libellula quadrimaculata,Blue,39.361,-76.5891,Maryland
Common raccoon,Procyon lotor,Goldenrod,40.8265,-73.9383,New York
Downy woodpecker,Picoides pubescens,Crimson,39.144,-77.2076,Maryland
Galapagos albatross,Diomedea irrorata,Khaki,40.7808,-73.9772,New York
"Fox, north american red",Vulpes vulpes,Fuscia,32.2691,-110.9845,Arizona
"Seal, southern elephant",Mirounga leonina,Puce,36.1499,-95.7923,Oklahoma
"Snake, green vine",Oxybelis fulgidus,Teal,38.8318,-77.2888,Virginia
Sportive lemur,Lepilemur rufescens,Violet,38.7072,-90.3055,Missouri
Red-headed woodpecker,Melanerpes erythrocephalus,Puce,38.8933,-77.0146,District of Columbia
"Bat, madagascar fruit",Pteropus rufus,Crimson,33.5446,-86.9292,Alabama
White-mantled colobus,Colobus guerza,Turquoise,26.0663,-80.3339,Florida
"Butterfly, canadian tiger swallowtail",Papilio canadensis,Fuscia,45.04,-93.4865,Minnesota
Agama lizard (unidentified),Agama sp.,Yellow,28.5642,-82.4165,Florida
"Oryx, fringe-eared",Oryx gazella callotis,Violet,30.6589,-88.178,Alabama
Salmon pink bird eater tarantula,Lasiodora parahybana,Fuscia,38.0283,-84.4715,Kentucky
"Frogmouth, tawny",Podargus strigoides,Yellow,38.3774,-121.4444,California
"Lion, steller sea",Eumetopias jubatus,Fuscia,40.6324,-74.1172,New York
Common zorro,Dusicyon thous,Puce,40.9166,-74.174,New Jersey
Blue fox,Alopex lagopus,Orange,30.6589,-88.178,Alabama
"Wildebeest, blue",Connochaetus taurinus,Yellow,42.9559,-87.9933,Wisconsin
"Fox, cape",Vulpes chama,Yellow,37.7211,-122.4754,California
Manatee,Trichechus inunguis,Violet,27.9246,-80.5235,Florida
Mexican wolf,Canis lupus baileyi,Pink,39.7388,-104.4083,Colorado
Long-necked turtle,Chelodina longicollis,Puce,33.7465,-117.8662,California
"Alligator, american",Alligator mississippiensis,Puce,39.6269,-119.7081,Nevada
"Magpie, black-backed",Gymnorhina tibicen,Purple,35.2017,-89.9715,Tennessee
"Deer, barasingha",Cervus duvauceli,Orange,40.8247,-73.894,New York
Silver-backed jackal,Canis mesomelas,Crimson,30.392,-91.0892,Louisiana
Malachite kingfisher,Corythornis cristata,Goldenrod,30.085,-94.2607,Texas
Pine siskin,Carduelis pinus,Blue,40.7442,-89.7184,Illinois
"Hornbill, leadbeateri's ground",Bucorvus leadbeateri,Yellow,44.8756,-93.2553,Minnesota
Smith's bush squirrel,Paraxerus cepapi,Red,30.3449,-81.6831,Florida
Black-winged stilt,Himantopus himantopus,Puce,29.7853,-95.1852,Texas
Canada goose,Branta canadensis,Pink,42.4981,-83.2058,Michigan
Purple grenadier,Uraeginthus granatina,Turquoise,33.386,-82.091,Georgia
Egyptian vulture,Neophron percnopterus,Crimson,40.7548,-73.6018,New York
"Dove, laughing",Streptopelia senegalensis,Orange,35.22,-80.7881,North Carolina
Southern brown bandicoot,Isoodon obesulus,Red,32.3366,-111.1771,Arizona
"Cockatoo, long-billed",Cacatua tenuirostris,Khaki,35.4015,-101.8951,Texas
Grant's gazelle,Gazella granti,Mauv,45.0059,-93.1059,Minnesota
"Peacock, blue",Pavo cristatus,Blue,39.1678,-119.7764,Nevada
"Stork, white",Ciconia ciconia,Yellow,40.2805,-74.712,New Jersey
Serval,Felis serval,Purple,27.9654,-82.8001,Florida
"Otter, oriental short-clawed",Aonyx cinerea,Khaki,43.0528,-87.9353,Wisconsin
"Seal, harbor",Phoca vitulina,Mauv,38.8318,-77.2888,Virginia
"Bird, bare-faced go away",Lorythaixoides concolor,Pink,32.8118,-83.565,Georgia
"Boa, cook's tree",Corallus hortulanus cooki,Turquoise,38.8893,-75.8612,Maryland
"Cormorant, little",Phalacrocorax niger,Orange,40.7442,-89.7184,Illinois
Roseat flamingo,Phoenicopterus ruber,Aquamarine,25.7341,-80.4068,Florida
Galapagos mockingbird,Nesomimus trifasciatus,Teal,35.5514,-97.4075,Oklahoma
"Bird, bare-faced go away",Lorythaixoides concolor,Violet,35.9279,-114.9721,Nevada
"Tenrec, tailless",Tenrec ecaudatus,Puce,47.4511,-122.353,Washington
"Deer, barasingha",Cervus duvauceli,Orange,43.4599,-116.244,Idaho
Giant heron,Ardea golieth,Yellow,39.0312,-94.6308,Kansas
"Goose, andean",Chloephaga melanoptera,Turquoise,45.5289,-94.5933,Minnesota
Banded mongoose,Mungos mungo,Indigo,42.3389,-70.9196,Massachusetts
Groundhog,Marmota monax,Green,38.0283,-84.4715,Kentucky
Alpaca,Lama pacos,Indigo,35.2072,-80.9568,North Carolina
"Lion, african",Panthera leo,Khaki,39.778,-89.6466,Illinois
"Kudu, greater",Tragelaphus strepsiceros,Indigo,35.9924,-84.1201,Tennessee
"Sparrow, house",Passer domesticus,Aquamarine,32.3834,-86.2434,Alabama
"Turkey, common",Meleagris gallopavo,Puce,47.2325,-122.3594,Washington
"Heron, green",Butorides striatus,Violet,42.3389,-70.9196,Massachusetts
"Macaw, scarlet",Ara macao,Turquoise,33.7866,-118.2987,California
"Bettong, brush-tailed",Bettongia penicillata,Khaki,40.702,-74.089,New Jersey
Nyala,Tragelaphus angasi,Yellow,42.4464,-71.4594,Massachusetts
"Brocket, brown",Mazama gouazoubira,Green,39.9186,-75.1078,New Jersey
Madagascar hawk owl,Ninox superciliaris,Puce,38.9513,-76.8958,Maryland
"Tern, white-winged black",Chlidonias leucopterus,Goldenrod,21.3062,-157.8585,Hawaii
Tawny eagle,Anitibyx armatus,Green,29.3977,-98.4658,Texas
Savanna baboon,Papio cynocephalus,Turquoise,30.7813,-95.5953,Texas
Pine snake (unidentified),Pituophis melanaleucus,Mauv,44.2595,-72.585,Vermont
Royal tern,Thalasseus maximus,Aquamarine,36.175,-95.8477,Oklahoma
Long-nosed bandicoot,Perameles nasuta,Violet,41.6255,-93.6736,Iowa
Giant armadillo,Priodontes maximus,Purple,39.5645,-75.597,Delaware
Eurasian beaver,Castor fiber,Turquoise,40.5048,-79.9138,Pennsylvania
Darwin ground finch (unidentified),Geospiza sp.,Khaki,35.7667,-78.6008,North Carolina
"Cormorant, neotropic",Phalacrocorax brasilianus,Goldenrod,30.0042,-95.1728,Texas
Collared lemming,Dicrostonyx groenlandicus,Teal,26.0989,-80.1541,Florida
Scottish highland cow,Bos taurus,Green,38.9613,-94.8222,Kansas
"Bison, american",Bison bison,Violet,43.4599,-116.244,Idaho
Springbok,Antidorcas marsupialis,Violet,40.0422,-75.0244,Pennsylvania
"Baboon, chacma",Papio ursinus,Turquoise,40.9252,-74.1781,New Jersey
Asian openbill,Anastomus oscitans,Mauv,39.0883,-77.1568,Maryland
"Flicker, campo",Colaptes campestroides,Orange,38.189,-85.6768,Kentucky
"Macaque, pig-tailed",Macaca nemestrina,Maroon,38.0638,-84.5027,Kentucky
Amazon parrot (unidentified),Amazona sp.,Green,28.4429,-81.4026,Florida
Palm squirrel,Funambulus pennati,Goldenrod,35.3471,-120.4553,California
Red meerkat,Cynictis penicillata,Mauv,40.2805,-74.712,New Jersey
"Goat, mountain",Oreamnos americanus,Teal,45.5806,-122.3748,Oregon
"Stork, painted",Mycteria leucocephala,Aquamarine,36.1114,-86.869,Tennessee
"Oystercatcher, blackish",Haematopus ater,Orange,41.2917,-96.1711,Nebraska
Wild boar,Sus scrofa,Blue,42.3389,-70.9196,Massachusetts
Southern white-crowned shrike,Eurocephalus anguitimens,Purple,44.0225,-92.4668,Minnesota
"Lion, south american sea",Otaria flavescens,Red,40.4344,-80.0248,Pennsylvania
"Goose, egyptian",Alopochen aegyptiacus,Teal,40.8956,-81.433,Ohio
"Vulture, oriental white-backed",Gyps bengalensis,Puce,33.9937,-81.0199,South Carolina
Tawny eagle,Anitibyx armatus,Turquoise,37.7509,-122.4153,California
"Cat, ringtail",Bassariscus astutus,Goldenrod,37.8571,-122.25,California
"Blackbird, red-winged",Agelaius phoeniceus,Blue,26.6459,-80.4303,Florida
"Kingfisher, pied",Ceryle rudis,Maroon,43.073,-89.4528,Wisconsin
"Bird, magnificent frigate",Fregata magnificans,Maroon,44.9378,-93.2545,Minnesota
Harbor seal,Phoca vitulina,Teal,39.1802,-84.4204,Ohio
"Hornbill, leadbeateri's ground",Bucorvus leadbeateri,Maroon,33.8444,-84.474,Georgia
Two-banded monitor,Varanus salvator,Violet,36.0119,-115.0433,Nevada
"Lion, mountain",Felis concolor,Orange,35.2017,-89.9715,Tennessee
Hoffman's sloth,Choloepus hoffmani,Yellow,35.6665,-97.4798,Oklahoma
"Mongoose, yellow",Cynictis penicillata,Fuscia,35.0425,-90.0732,Tennessee
Musk ox,Ovibos moschatus,Blue,35.1255,-90.0424,Tennessee
Red-necked phalarope,Phalaropus lobatus,Mauv,33.7866,-118.2987,California
"Sheathbill, snowy",Chionis alba,Aquamarine,32.2691,-110.9845,Arizona
Sidewinder,Crotalus cerastes,Blue,32.7976,-79.9493,South Carolina
Malleefowl,Leipoa ocellata,Khaki,33.723,-84.4702,Georgia
"Gecko, bent-toed",Cyrtodactylus louisiadensis,Mauv,27.9953,-81.2593,Florida
Indian porcupine,Hystrix indica,Red,26.6459,-80.4303,Florida
White-throated monitor,Varanus albigularis,Indigo,33.8356,-117.9132,California
"Quoll, spotted-tailed",Dasyurus maculatus,Indigo,47.1042,-122.87,Washington
Red-tailed cockatoo,Calyptorhynchus magnificus,Red,30.43,-97.8326,Texas
"Stork, jabiru",Ephippiorhynchus mycteria,Mauv,33.571,-101.8507,Texas
Mule deer,Odocoileus hemionus,Blue,39.9788,-75.1262,Pennsylvania
"Boubou, southern",Laniarius ferrugineus,Fuscia,61.1901,-149.9361,Alaska
Egyptian goose,Alopochen aegyptiacus,Mauv,42.0999,-72.5783,Massachusetts
Wild boar,Sus scrofa,Puce,38.8933,-77.0146,District of Columbia
"Rat, arboral spiny",Echimys chrysurus,Violet,42.2399,-83.1508,Michigan
Pied kingfisher,Ceryle rudis,Aquamarine,41.6782,-83.4972,Ohio
"Lion, australian sea",Neophoca cinerea,Violet,42.4011,-96.372,Iowa
Marabou stork,Leptoptilos crumeniferus,Orange,37.929,-87.6604,Indiana
"Seal, northern fur",Callorhinus ursinus,Turquoise,40.6514,-73.8708,New York
Magellanic penguin,Spheniscus magellanicus,Goldenrod,35.4259,-97.5261,Oklahoma
"Fox, cape",Vulpes chama,Orange,39.1075,-84.5257,Ohio
"Monster, gila",Heloderma horridum,Puce,36.7957,-76.0126,Virginia
Lilac-breasted roller,Coracias caudata,Violet,39.2847,-76.6205,Maryland
Chuckwalla,Sauromalus obesus,Crimson,44.968,-93.1981,Minnesota
"Dog, raccoon",Nyctereutes procyonoides,Yellow,40.4344,-80.0248,Pennsylvania
"Owl, snowy",Nyctea scandiaca,Orange,37.9971,-87.575,Indiana
Feathertail glider,Acrobates pygmaeus,Fuscia,30.6143,-87.2758,Florida
"Cormorant, flightless",Nannopterum harrisi,Teal,41.2064,-95.9953,Nebraska
Galapagos hawk,Buteo galapagoensis,Crimson,32.7714,-97.2915,Texas
Emerald green tree boa,Boa caninus,Aquamarine,29.1565,-82.2095,Florida
"Catfish, blue",Ictalurus furcatus,Blue,37.7772,-121.9554,California
Crested bunting,Melophus lathami,Fuscia,36.1398,-96.0297,Oklahoma
"Kingfisher, white-throated",Halcyon smyrnesis,Maroon,33.386,-82.091,Georgia
"Macaw, green-winged",Ara chloroptera,Indigo,40.7845,-96.6888,Nebraska
Blue crane,Anthropoides paradisea,Red,39.0024,-77.1034,Maryland
Gecko (unidentified),unavailable,Khaki,39.7076,-94.8677,Missouri
"Coatimundi, white-nosed",Nasua narica,Goldenrod,33.9982,-84.3411,Georgia
"Baboon, chacma",Papio ursinus,Violet,40.7808,-73.9772,New York
"Wallaby, agile",Macropus agilis,Maroon,38.8808,-77.113,Virginia
Andean goose,Chloephaga melanoptera,Puce,32.7714,-97.2915,Texas
Paddy heron (unidentified),unavailable,Puce,37.2187,-121.8601,California
"Dragonfly, russian",Libellula quadrimaculata,Khaki,37.7441,-122.4863,California
Red brocket,Mazama americana,Indigo,31.8767,-102.4375,Texas
Black spider monkey,Ateles paniscus,Indigo,40.2618,-76.88,Pennsylvania
Mourning collared dove,Streptopelia decipiens,Teal,36.0807,-80.0244,North Carolina
"Lechwe, kafue flats",Kobus leche robertsi,Turquoise,42.37,-71.1773,Massachusetts
"Caracara, yellow-headed",Milvago chimachima,Yellow,32.432,-99.7724,Texas
"Puffin, horned",Fratercula corniculata,Mauv,38.2968,-81.5547,West Virginia
Australian sea lion,Neophoca cinerea,Mauv,39.8726,-86.2768,Indiana
"Ibis, puna",Plegadis ridgwayi,Green,36.1379,-86.741,Tennessee
"Possum, golden brush-tailed",Trichosurus vulpecula,Blue,39.4814,-119.8591,Nevada
Stanley bustard,Neotis denhami,Aquamarine,38.6531,-90.2435,Missouri
"Spider, wolf",Lycosa godeffroyi,Pink,41.3657,-72.9275,Connecticut
Blue fox,Alopex lagopus,Blue,61.204,-149.8084,Alaska
"Buffalo, wild water",Bubalus arnee,Crimson,35.26,-80.8042,North Carolina
"Crane, wattled",Bugeranus caruncalatus,Maroon,47.0662,-122.1132,Washington
"Baboon, olive",Papio cynocephalus,Teal,40.6914,-73.8061,New York
White-throated kingfisher,Halcyon smyrnesis,Indigo,42.3389,-70.9196,Massachusetts
"Squirrel, palm",Funambulus pennati,Khaki,40.2023,-85.4082,Indiana
"Booby, blue-faced",Sula dactylatra,Maroon,40.0418,-76.3012,Pennsylvania
"Ass, asiatic wild",Equus hemionus,Green,40.8139,-73.8841,New York
"Hyena, striped",Hyaena hyaena,Khaki,33.4368,-111.7129,Arizona
Dingo,Canis dingo,Goldenrod,29.4375,-98.4616,Texas
